,Time Stamp,South Fork Rivanna River,James River,Moormans River,Tye River,Piney River
0,11-Aug-2020 (16:39:16.967557),189.0,2070.0,111.0,42.1,29.9
1,11-Aug-2020 (17:03:08.032124),186.0,1970.0,106.0,42.1,36.6
2,11-Aug-2020 (17:04:19.202778),186.0,1970.0,106.0,42.1,36.6
3,11-Aug-2020 (17:11:23.357164),186.0,1970.0,106.0,42.1,36.6
4,11-Aug-2020 (17:13:04.397822),186.0,1970.0,106.0,42.1,36.6
5,11-Aug-2020 (17:29:23.948184),186.0,1970.0,106.0,42.1,36.6
6,11-Aug-2020 (17:30:25.796320),186.0,1970.0,106.0,42.1,36.6
