Time Stamp,South Fork Rivanna River,James River,Moormans River,Tye River,Piney River
10-Aug-2020 (22:16:42.563069),233,2740,125,40.1,24.0
10-Aug-2020 (22:17:05.913221),233,2740,125,40.1,24.0
10-Aug-2020 (22:17:22.912402),233,2740,125,40.1,24.0
